{"cameraMode":{"drawMode":0,"name":"Shaded","section":"Shading Mode"},"sceneLighting":false,"audioPlay":false,"sceneViewState":{"m_AlwaysRefresh":false,"showFog":true,"showSkybox":false,"showFlares":true,"showImageEffects":true,"showParticleSystems":true,"showVisualEffectGraphs":true,"m_FxEnabled":true},"in2DMode":false,"pivot":{"x":-0.29547587037086489,"y":-1.2733113765716553,"z":-6.697695732116699},"rotation":{"x":0.43877339363098147,"y":-0.06191879138350487,"z":0.030323496088385583,"w":0.8959491848945618},"size":6.536849021911621,"orthographic":false}