{"cameraMode":{"drawMode":0,"name":"Shaded","section":"Shading Mode"},"sceneLighting":false,"audioPlay":false,"sceneViewState":{"m_AlwaysRefresh":false,"showFog":true,"showSkybox":false,"showFlares":true,"showImageEffects":true,"showParticleSystems":true,"showVisualEffectGraphs":true,"m_FxEnabled":true},"in2DMode":false,"pivot":{"x":1.1973507404327393,"y":-13.68248176574707,"z":23.745121002197267},"rotation":{"x":0.2092342972755432,"y":-0.030796973034739496,"z":0.006593047641217709,"w":0.977358877658844},"size":24.667634963989259,"orthographic":false}